run_num,dice,Avg Error,Avg FA rate,Avg MD rate
85,0.955418229,0.018926453,0.030442346,0.087102386
108,0.950165987,0.014838132,0.036344433,0.063742545
354,0.991681755,0.016989114,0.053429423,0.064115308
39,0.985604167,0.01634732,0.045352883,0.067159543
338,0.984804928,0.017375629,0.053367296,0.05889662
366,0.986761868,0.017032008,0.042619284,0.061071074
74,0.978762031,0.014855668,0.036530815,0.059145129
340,0.991817296,0.018584653,0.043923956,0.066041252
221,0.989560604,0.017131345,0.044607356,0.064425944
18,0.973608971,0.01790356,0.034480616,0.070887177
170,0.986414909,0.017013315,0.048521372,0.064860835
81,0.989296556,0.017523834,0.044855865,0.067345924
371,0.989157557,0.018075705,0.05374006,0.067780815
17,0.982299328,0.016534072,0.042122266,0.057405567
87,0.980584264,0.018882932,0.03820825,0.068588469
205,0.989466667,0.017114174,0.048645626,0.064674453
29,0.985541344,0.018370012,0.050944334,0.0625
141,0.988323033,0.01875815,0.046719682,0.063991054
356,0.978102386,0.017371633,0.041003976,0.055106859
48,0.987964034,0.018209539,0.049639662,0.064612326
262,0.988846004,0.017571884,0.05305666,0.065916998
71,0.985802293,0.018023013,0.044855865,0.060574056
210,0.974129081,0.019041814,0.040196322,0.068961233
112,0.985850632,0.017116862,0.052932406,0.068029324
385,0.982920647,0.017975732,0.048645626,0.063680417
191,0.964904845,0.018405853,0.033300199,0.077534791
324,0.952600658,0.017889472,0.031001491,0.08207008
266,0.963302553,0.017767276,0.041563121,0.07306163
22,0.99030602,0.018813337,0.05013668,0.064488072
268,0.980529964,0.019351379,0.047030318,0.068215706
285,0.980226994,0.017535535,0.051627734,0.0625
139,0.972566485,0.017236064,0.048210736,0.073248012
149,0.987024307,0.018461681,0.05013668,0.070203777
62,0.987479508,0.017158774,0.043861829,0.064674453
293,0.952860713,0.017485416,0.034356362,0.079150099
28,0.982202888,0.018893363,0.045352883,0.065792744
135,0.955042601,0.018762901,0.033424453,0.080144135
67,0.985009789,0.016739863,0.051689861,0.060946819
307,0.981154561,0.018722425,0.049950298,0.067283797
148,0.97445339,0.019659018,0.047154573,0.072253976
283,0.974035621,0.01858386,0.046160537,0.069831014
168,0.96337831,0.019011534,0.034666998,0.076478628
167,0.951107085,0.01419956,0.01957008,0.079833499
165,0.983245254,0.017958867,0.048769881,0.067718688
3,0.974384308,0.017943358,0.042992048,0.070514414
70,0.983098626,0.015839211,0.052808151,0.069582505
333,0.973502159,0.018684492,0.053926441,0.070700795
68,0.974378943,0.018475189,0.049266899,0.072440358
27,0.959065914,0.018517067,0.037338469,0.077286282
278,0.953631401,0.015623713,0.030690855,0.060387674
178,0.955190003,0.01616376,0.036158052,0.06430169
117,0.954964757,0.015108957,0.031436382,0.061195328
275,0.950716376,0.015003159,0.025720676,0.076851392
201,0.963848233,0.016677889,0.033735089,0.063307654
272,0.97848773,0.016638074,0.043551193,0.060574056
320,0.988634229,0.017200061,0.03957505,0.065730616
254,0.977280617,0.015922522,0.044607356,0.065109344
217,0.962628841,0.015018059,0.038146123,0.060325547
304,0.974245846,0.016221881,0.050633698,0.056970676
318,0.982888341,0.016716459,0.039823559,0.057467694
316,0.979091287,0.018011416,0.044483101,0.063991054
388,0.983662963,0.016353997,0.054982604,0.059517893
263,0.98926878,0.01773607,0.041625249,0.066414016
355,0.962685883,0.015219176,0.033113817,0.062748509
243,0.953738689,0.015359551,0.034791252,0.062872763
215,0.980242252,0.017489179,0.038953777,0.066786779
327,0.96055609,0.01613435,0.034791252,0.070079523
289,0.982116342,0.018948064,0.036344433,0.065233598
229,0.97182107,0.015774888,0.044980119,0.05709493
116,0.951333046,0.017595864,0.026590457,0.078590954
102,0.976610065,0.016792463,0.051006461,0.062251491
171,0.980013728,0.015053855,0.044234592,0.060636183
352,0.979791284,0.017833845,0.044545229,0.067408052
223,0.975801885,0.017706841,0.043861829,0.064612326
321,0.971371055,0.01632622,0.039388668,0.056784294
242,0.966801286,0.014087889,0.042060139,0.060014911
231,0.959969044,0.016168127,0.03777336,0.058275348
159,0.977909207,0.017863316,0.043178429,0.067532306
332,0.983672738,0.017055624,0.042184394,0.060263419
245,0.963213146,0.015910831,0.038270378,0.05709493
110,0.979927301,0.017003941,0.048148608,0.056970676
181,0.977259159,0.017016688,0.03889165,0.057716203
350,0.978339076,0.018156712,0.031125746,0.074117793
207,0.985814989,0.01740405,0.045539264,0.06653827
183,0.977930307,0.016994573,0.054237078,0.062251491
309,0.989081144,0.01605459,0.047837972,0.060077038
77,0.984535098,0.015605371,0.048956262,0.064798708
365,0.984320879,0.017169604,0.047465209,0.056473658
226,0.990406156,0.01759944,0.047713718,0.069582505
363,0.987600088,0.017314017,0.042805666,0.060201292
347,0.98278445,0.017734089,0.050944334,0.063059145
280,0.975073218,0.016626761,0.051192843,0.058834493
188,0.985790372,0.01703147,0.054237078,0.058710239
152,0.989305735,0.01857913,0.046595427,0.063866799
154,0.974853039,0.016327418,0.04069334,0.058585984
64,0.962587953,0.014657547,0.042122266,0.058151093
271,0.990274668,0.018939635,0.044420974,0.064177435
113,0.975909591,0.01850063,0.043737575,0.070328032
78,0.976418495,0.016789143,0.036530815,0.058213221
291,0.987157106,0.017204083,0.049701789,0.060946819
301,0.988794565,0.019287228,0.044793738,0.062562127
331,0.99035275,0.018509111,0.045104374,0.063556163
360,0.975531757,0.015816359,0.038643141,0.057591948
90,0.975791633,0.017629931,0.028516402,0.084058151
252,0.98794353,0.016691416,0.040941849,0.068774851
265,0.990611434,0.017969149,0.04249503,0.063059145
160,0.973915279,0.015066482,0.046906064,0.059020875
86,0.974897504,0.016386763,0.045290755,0.057405567
131,0.981928229,0.015744066,0.040631213,0.058337475
44,0.986320019,0.016402023,0.043675447,0.0631834
189,0.985817671,0.018037525,0.046719682,0.061008946
124,0.990355253,0.016668988,0.046657555,0.065979125
290,0.984405637,0.018197604,0.043364811,0.065171471
288,0.988035798,0.016185584,0.049577535,0.063369781
153,0.977829099,0.016124815,0.042743539,0.058399602
380,0.981322885,0.016096655,0.039388668,0.065233598
241,0.988672376,0.017346844,0.046471173,0.063431909
147,0.981198072,0.018043421,0.041190358,0.06902336
299,0.9589082,0.019033868,0.029324056,0.076292247
344,0.989093542,0.018216474,0.043675447,0.065792744
54,0.975698829,0.017018051,0.036344433,0.057032803
130,0.987119973,0.017553438,0.052124751,0.063307654
211,0.98228097,0.017556824,0.051814115,0.057281312
185,0.988152623,0.01774149,0.047092445,0.065792744
387,0.958757162,0.016377562,0.036779324,0.05485835
37,0.980856061,0.015563817,0.046906064,0.062437873
89,0.984654903,0.016206402,0.055914513,0.062624254
277,0.989497185,0.01664907,0.050882207,0.0625
227,0.99139899,0.017863064,0.052311133,0.0631834
237,0.990321517,0.017820322,0.043054175,0.058088966
179,0.990214109,0.018939705,0.044048211,0.063059145
219,0.991086125,0.017239363,0.042743539,0.068215706
209,0.971062779,0.016379356,0.039761431,0.058523857
270,0.983615994,0.017684373,0.048024354,0.058710239
257,0.988557577,0.017573333,0.050260934,0.062748509
251,0.990283012,0.018659247,0.048583499,0.059766402
269,0.990398288,0.015589061,0.048459245,0.06610338
294,0.98515588,0.017691438,0.05013668,0.055479622
302,0.983130336,0.018290339,0.048272863,0.064985089
83,0.989946425,0.018098663,0.04901839,0.062872763
127,0.988364816,0.016746803,0.048024354,0.065109344
372,0.987898111,0.016494379,0.051006461,0.062251491
99,0.983806014,0.017124673,0.044172465,0.059145129
214,0.983567178,0.016641035,0.041998012,0.058026839
295,0.979340196,0.015854225,0.052870278,0.061940855
345,0.985755622,0.016622838,0.047713718,0.061443837
281,0.984274745,0.017637909,0.042184394,0.067780815
33,0.959239721,0.016264043,0.043302684,0.055479622
267,0.989948869,0.01722527,0.050757952,0.066165507
114,0.985933423,0.01622145,0.048459245,0.059828529
43,0.97678405,0.016882727,0.038456759,0.057964712
150,0.987172246,0.017400904,0.042308648,0.064053181
133,0.97264123,0.015980697,0.052683897,0.058399602
314,0.98138833,0.017003655,0.045290755,0.069582505
287,0.988736928,0.016969856,0.047092445,0.0631834
176,0.96030128,0.017919293,0.040879722,0.076043738
374,0.984894395,0.016590169,0.045166501,0.063866799
358,0.987529039,0.016949115,0.051627734,0.063494036
349,0.982651472,0.01683841,0.049826044,0.059331511
146,0.990743697,0.016582578,0.045912028,0.06653827
312,0.98040545,0.017176321,0.038394632,0.066911034
118,0.988456607,0.018631829,0.051503479,0.061195328
258,0.991261959,0.017693303,0.043178429,0.067345924
264,0.988494456,0.017952582,0.045104374,0.067283797
193,0.9848544,0.015883706,0.041128231,0.057902584
145,0.981549144,0.016610507,0.044483101,0.058648111
52,0.982418299,0.015581975,0.051317097,0.059517893
220,0.991642118,0.01732695,0.040444831,0.061568091
376,0.982287407,0.01714558,0.0472167,0.057654076
151,0.987683773,0.017403988,0.048148608,0.064488072
69,0.985104799,0.017071918,0.045601392,0.060822565
261,0.979462326,0.015321973,0.046843936,0.072253976
361,0.986750841,0.015835699,0.04945328,0.059642147
239,0.963419259,0.015728423,0.037276342,0.058710239
23,0.98624599,0.018017958,0.051689861,0.062375746
337,0.987966597,0.017847115,0.046595427,0.064985089
235,0.990748405,0.018411095,0.047713718,0.060636183
136,0.982953072,0.016609068,0.048397117,0.057467694
367,0.987434924,0.016108699,0.047278827,0.059766402
31,0.988642097,0.01625546,0.050074553,0.061505964
61,0.986033082,0.016693674,0.047030318,0.059766402
192,0.988126397,0.016688586,0.050074553,0.062313618
253,0.951095581,0.019280522,0.03777336,0.074614811
32,0.990306914,0.017665116,0.048583499,0.060884692
298,0.97538507,0.019275244,0.04137674,0.070576541
279,0.970876813,0.018584949,0.037276342,0.078590954
322,0.978379369,0.017857895,0.046657555,0.061878728
224,0.989682198,0.016619769,0.045849901,0.061257455
20,0.988127828,0.01696444,0.051006461,0.065482107
260,0.989802003,0.017329782,0.046657555,0.062313618
305,0.985248804,0.016320916,0.049701789,0.057902584
300,0.983891964,0.016128621,0.045477137,0.056411531
273,0.988752306,0.01770078,0.050757952,0.062562127
155,0.979990244,0.017608836,0.041500994,0.067097416
21,0.985809684,0.01737617,0.050944334,0.061630219
326,0.975934923,0.018005655,0.045601392,0.070949304
248,0.970817447,0.017947605,0.037835487,0.069955268
169,0.986970782,0.018054806,0.044545229,0.067408052
313,0.987032592,0.017356684,0.047465209,0.065482107
233,0.98717308,0.019084986,0.048272863,0.063866799
162,0.989399433,0.017987835,0.051192843,0.063494036
259,0.990169048,0.017900779,0.048086481,0.0625
247,0.990962803,0.016234202,0.044607356,0.065979125
95,0.985803723,0.017114046,0.045539264,0.056597913
26,0.988005638,0.016761201,0.050695825,0.060263419
157,0.989269793,0.017470701,0.046160537,0.067718688
348,0.984156966,0.01755641,0.044358847,0.068215706
93,0.981338322,0.018903565,0.036468688,0.068588469
222,0.976575494,0.015892194,0.046346918,0.067532306
24,0.987125218,0.015513791,0.048956262,0.064860835
334,0.976770937,0.018720092,0.038394632,0.07082505
66,0.986565888,0.015769691,0.044172465,0.062934891
335,0.986640692,0.019069389,0.047403082,0.062872763
204,0.987900078,0.018198791,0.04765159,0.061195328
164,0.981663108,0.016849752,0.047527336,0.055728131
161,0.985344946,0.01827334,0.042681412,0.066724652
123,0.982822418,0.017536078,0.049763917,0.066662525
276,0.990713835,0.016721161,0.052186879,0.065233598
195,0.982754767,0.017924508,0.049329026,0.066973161
36,0.967354655,0.017912218,0.036220179,0.072067594
184,0.978864074,0.019481031,0.040879722,0.076540755
104,0.970682204,0.017239094,0.044234592,0.073869284
255,0.989201903,0.018956264,0.047340954,0.06653827
382,0.987922132,0.018696241,0.047092445,0.065047217
174,0.98404175,0.018134975,0.053802187,0.062810636
72,0.967359006,0.015936679,0.041687376,0.06722167
76,0.985955954,0.01796586,0.048521372,0.065482107
65,0.987597823,0.01673979,0.052124751,0.061505964
80,0.963985682,0.017532584,0.036965706,0.073620775
25,0.981339574,0.016473698,0.03889165,0.058585984
